{
    "pixel_accuracy": 0.6571804922345116,
    "mean_iou": 0.33255947190923557,
    "background": {
        "dice": 0.794004480479791,
        "iou": 0.6583809538493777,
        "precision": 0.8279216590517036,
        "recall": 0.7627568845538658
    },
    "cat": {
        "dice": 0.0,
        "iou": 0.0,
        "precision": 0.0,
        "recall": 0.0
    },
    "dog": {
        "dice": 0.506679765378594,
        "iou": 0.33929746187832915,
        "precision": 0.3948968658764738,
        "recall": 0.7067339485699036
    },
    "mean_foreground_dice": 0.253339882689297
}