{
    "pixel_accuracy": 0.8756880195123085,
    "mean_iou": 0.6889673462780278,
    "background": {
        "dice": 0.9259867728635262,
        "iou": 0.862174458812193,
        "precision": 0.8785216258174678,
        "recall": 0.9788737901233505
    },
    "cat": {
        "dice": 0.7206521126195925,
        "iou": 0.5632964416701384,
        "precision": 0.8917397068196571,
        "recall": 0.604645837578496
    },
    "dog": {
        "dice": 0.7815510786469506,
        "iou": 0.6414311383517518,
        "precision": 0.8572339892493523,
        "recall": 0.718147724687078
    },
    "mean_foreground_dice": 0.7511015956332716
}