{
    "pixel_accuracy": 0.818473739943359,
    "mean_iou": 0.5966006723972472,
    "background": {
        "dice": 0.8943614348768548,
        "iou": 0.808909405920769,
        "precision": 0.8842949912432743,
        "recall": 0.904659701842458
    },
    "cat": {
        "dice": 0.6145735449616623,
        "iou": 0.44359882311086346,
        "precision": 0.6071218824711098,
        "recall": 0.6222104001532126
    },
    "dog": {
        "dice": 0.6990125014466657,
        "iou": 0.5372937881601093,
        "precision": 0.7304432503869993,
        "recall": 0.6701750736587078
    },
    "mean_foreground_dice": 0.656793023204164
}