{
    "input_folder": {
        "foreground_mean": {
            "Dice": 0.9233876709561766,
            "FN": 1652.0821535821535,
            "FP": 1770.706134706135,
            "IoU": 0.8777263482486555,
            "TN": 228918.1833976834,
            "TP": 29803.028314028314,
            "n_pred": 31573.734448734453,
            "n_ref": 31455.11046761047
        },
        "mean": {
            "1": {
                "Dice": 0.9250947133313763,
                "FN": 1747.4894894894894,
                "FP": 1758.0553410553412,
                "IoU": 0.8826883633351458,
                "TN": 226898.18103818104,
                "TP": 31740.27413127413,
                "n_pred": 33498.329472329475,
                "n_ref": 33487.763620763624
            },
            "2": {
                "Dice": 0.9216806285809769,
                "FN": 1556.6748176748176,
                "FP": 1783.3569283569284,
                "IoU": 0.8727643331621653,
                "TN": 230938.18575718577,
                "TP": 27865.782496782496,
                "n_pred": 29649.139425139427,
                "n_ref": 29422.457314457315
            }
        }
    },
    "postprocessed": {
        "foreground_mean": {
            "Dice": 0.9233876709561766,
            "FN": 1652.0821535821535,
            "FP": 1770.706134706135,
            "IoU": 0.8777263482486555,
            "TN": 228918.1833976834,
            "TP": 29803.028314028314,
            "n_pred": 31573.734448734453,
            "n_ref": 31455.11046761047
        },
        "mean": {
            "1": {
                "Dice": 0.9250947133313763,
                "FN": 1747.4894894894894,
                "FP": 1758.0553410553412,
                "IoU": 0.8826883633351458,
                "TN": 226898.18103818104,
                "TP": 31740.27413127413,
                "n_pred": 33498.329472329475,
                "n_ref": 33487.763620763624
            },
            "2": {
                "Dice": 0.9216806285809769,
                "FN": 1556.6748176748176,
                "FP": 1783.3569283569284,
                "IoU": 0.8727643331621653,
                "TN": 230938.18575718577,
                "TP": 27865.782496782496,
                "n_pred": 29649.139425139427,
                "n_ref": 29422.457314457315
            }
        }
    },
    "postprocessing_fns": [],
    "postprocessing_kwargs": []
}