{
    "mse": 0.0023085837525733594,
    "psnr": 28.22801852884587,
    "ssim": 0.876159916843152,
    "num_samples": 3694
}