epoch,train_loss,val_loss,dice_background,dice_cat,dice_dog,dice_mean_foreground,learning_rate,epoch_time
1,1.546318,1.549087,0.836943,0.084333,0.425081,0.254707,0.0050000,181.39
2,1.370330,1.484982,0.851039,0.076095,0.454991,0.265543,0.0049775,191.43
3,1.308289,1.477856,0.866245,0.045789,0.479691,0.262740,0.0049550,181.52
4,1.262828,1.445802,0.867695,0.089605,0.476406,0.283005,0.0049324,183.54
5,1.225112,1.536257,0.866563,0.033447,0.500022,0.266735,0.0049099,182.33
6,1.189247,1.471621,0.882644,0.123365,0.479245,0.301305,0.0048874,179.99
